ticket_id,customer_id,customer_name,customer_email,customer_mobile,call_started_at,call_ended_at,duration_seconds,topics_discussed,requests_made,kyc_verified,resolved,errors,agent_notes,created_at
TKT-20260817-E74DDC7D,CUST001,Harishankar Vashishtha,vashishthaharishankar@gmail.com,+919058583987,2026-08-17T10:16:13.990513+00:00,2026-08-17T10:21:55.742558+00:00,341,voice_call_started; kyc_verification; account_balance; document_email; transactions; knowledge_query,"kyc_attempt_aadhaar_last4; kyc_verified_via_aadhaar_last4; account_summary; email_account_statement; recent_transactions; knowledge: Kotak Mahindra Prime car loan overview, products, schemes, fees, eligibility bas",yes,yes,,"assistant: Your outstanding balance is about ₹8,92,450. Your next EMI is ₹26,850. Anything else you’d like to check? | user: เออ okay. Can you please help me with my account statement? | assistant: Sure, I’ll verify your identity first, then send the statement. | assistant: Done, I’ve emailed your account statement to vashishthaharishankar@gmail.com. | user: Thank you | assistant: You’re very welcome! If you need anything else, like a fee breakdown or EMI estimate, just tell me—happy to help. | user: um | user: मेरे लास्ट के तीन ट्रांजेक्शन क्या है यार? बताओ जरा। | assistant: Thik hai, main abhi dekh letā hoon. | assistant: Ha, Harishankar—here are your last three transactions.  
On 2026-08-05: EMI debit of ₹26,850, for the July cycle.  
On 2026-07-05: EMI debit of ₹26,850, for the June cycle.  
On 2026-06-05: EMI debit of ₹26,850, for the May cycle.  
Sab NACH mode mein hai. | user: Okay thank you और क्या हेल्प कर सकते हो मेरे | assistant: Bilkul, Harishankar, main aapko interest rates, fees aur charges, EMI estimate, ya schemes compare karne mein bhi help kar sakti hoon. Aapko kis cheez ka comparison chahiye ya EMI kis loan amount ke liye chahiye? | user: EMI EMI EMI estimate बताओ अगर मैं दस लाख रुपए की कोई कार खरीदता हूँ। तो मुझे ईएमआई कितना आएगा? | assistant: Fine, let’s check a quick estimate using a standard illustrative rate for a one-lakh loan. | assistant: Estimated EMI for a ₹10 lakh car over 60 months is about ₹21,494 per month. If you share your expected tenure and interest rate, I can refine it further. | user: tomato इंफ्रास्ट्रक्चर कितना लिया है वेसिकली? ये जो EMI बताई है, इसके लिए इंटरेस्ट रेट कितना लिया है? | assistant: Achha sawal hai. Ye EMI estimate Mei ek illustrative, standard rate use kiya hai—around 10.5 percent per year. Actual EMI rate aapke profile, vehicle, aur product terms pe depend karta hai. | user: मुझे थोड़ा कोटक प्राइम लोन के बारे में और जानकारी दो ना। | assistant: Zara details dekh leta hoon, then main easy terms mein explain kar ",2026-08-17T10:21:55.742558+00:00
TKT-20260817-1D94874A,CUST001,Harishankar Vashishtha,vashishthaharishankar@gmail.com,+919058583987,2026-08-17T10:33:36.789281+00:00,2026-08-17T10:34:19.023840+00:00,42,voice_call_started,,no,yes,,"assistant: Hello Harishankar, this is Kotak customer support. How can I help you today? | user: थोड़ा की एमपीएल के बारे में बता होता है | assistant: Okay, let me pull up the fees and charges now. | assistant: Sure, the typical fees and charges can include a processing fee of up to about 3% of the loan amount, which is non-refundable, and other charges like RTO, stamp duty, NACH, RCU, and CERSAI depending on the actuals. The interest rate depends on your profile, and the exact rate is based on credit decision and product details. | user: すみ मुझे फोटो जाना है उसके बारे में बताइए। | assistant: Haan, 8–10 saal tak tenure possible ho sakta hai, lekin ye scheme aur eligibility par depend karta hai. Kuch schemes mein 3–7 saal common hote hain, aur 8–10 saal ke options limited hote hain. Aap OTR amount aur new ya used car ka idea batao, main aur accurate guidance de sakti hoon. | assistant: Hi! Aapko koi particular car loan type chahiye—nayi gaadi, used car, ya refinance? Bata dijiye, main uske hisaab se help karungi.",2026-08-17T10:34:19.023840+00:00
TKT-20260817-14975000,CUST001,Harishankar Vashishtha,vashishthaharishankar@gmail.com,+919058583987,2026-08-17T11:22:54.835013+00:00,2026-08-17T11:22:56.812381+00:00,1,voice_call_started,,no,yes,,,2026-08-17T11:22:56.812381+00:00
TKT-20260817-3A7335A5,CUST001,Harishankar Vashishtha,vashishthaharishankar@gmail.com,+919058583987,2026-08-17T11:34:43.265849+00:00,2026-08-17T11:39:14.478763+00:00,271,voice_call_started; knowledge_query; kyc_verification; account_balance; document_email,"knowledge: KMPL what is including new car finance, used car, refinance, cash against car, s; kyc_attempt_aadhaar_last4; kyc_attempt_pin_code; kyc_verified_via_pin_code; account_summary; email_account_statement",yes,yes,,"assistant: Thanks, Harishankar. Chaliye, verification ke baad aapka balance summary dekhta hoon. | assistant: Thank you, Harishankar. Verification failed using those Aadhaar digits. You can try the PIN code or the last four digits of your registered mobile instead. Once verified, I’ll share your balance and EMI summary right away. | user: maina पिनकोड ट्राई करलो एक बार चार जीरो जीरो जीरो पांच नौ। | assistant: Got it, let me check that PIN code with you now. | assistant: Verification successful, thank you.

Harishankar, aapka outstanding balance ₹8,92,450 hai, aur EMI ₹26,850 hai. Main yeh information aapke liye share kar rahi hoon, account active hai, aur next EMI date 5 September 2026 hai. | user: ओके ओके ठीक है. Can you please send me my account statement also? | assistant: Sure, I’ll send that to your registered email now. | assistant: Done, Harishankar. I’ve sent your account statement | user: or तुसी ਕੀ ਖੁਸ਼ੀ | user: तुसी ਕੀ ਹਾਲ ਸੀ? | assistant: Main theek haan, dhanyavaad. Tusi ki haal si? Main tuhanu kisi cheez ch madad karan lai ready aan. Batao, ki help chahunde ho? | user: Manु अकाउंट स्टेटमेंट देता? | assistant: Theek aa, main samajh gayi. Tuhanu account statement email vich bheji gayi hai. Address vich check karo — vashishthaharishankar@gmail.com te statement share ho gayi hai. Je hor kujh chahida hove, dasyo, main madad karan lage haan. | user: Okay thank you. And loan apply कर सकते हो क्या? | assistant: Ji, bilkul. Aap loan ke liye apply kar sakte ho. Aapko website par jaana hoga, primeloans.kotak.com, ya phir SMS APPLY bhejo 5676788 par. Approval ya rate confirm nahi hai, but apply karna definitely possible hai. Aapka goal kya hai, new car, used car, refinance, ya cash against car? Bata do, main us type ke loan ke liye best guidance dungi. | user: ก็ที่क है लेकिन अ okay but before that I wanted to know that can I apply for bike loan also? | assistant: Achha, samjhe. Lekin KMPL sirf car loans ke liye ek auto finance company hai. Bike loan ya personal l",2026-08-17T11:39:14.478763+00:00
